session_date,regime_sign,open_ref,published_level,session_high,session_low,close_330,data_quality
2024-01-01,-1,5000.00,5007.53,5012.45,4994.75,4998.51,0.9641
2024-01-02,1,4998.51,4999.69,5003.17,4984.14,4988.64,0.9630
2024-01-03,-1,4988.64,4984.16,5001.26,4984.97,4998.88,0.8724
2024-01-04,1,4998.88,4999.97,5008.96,4993.03,5003.81,0.8881
2024-01-05,-1,5003.81,5006.21,5011.68,4997.91,5004.15,0.9401
2024-01-06,-1,5004.15,5006.18,5017.35,5000.79,5012.49,0.9723
2024-01-07,1,5012.49,5014.56,5016.60,5005.78,5014.67,0.9684
2024-01-08,1,5014.67,5011.35,5020.25,5010.93,5014.64,0.9993
2024-01-09,1,5014.64,5013.65,5015.22,5003.19,5008.38,0.8926
2024-01-10,1,5008.38,5002.26,5013.95,5001.26,5007.32,0.9909
2024-01-11,-1,5007.32,5010.92,5013.85,4993.47,4997.81,0.9385
2024-01-12,-1,4997.81,5010.65,5019.29,4996.21,5009.51,0.8665
2024-01-13,1,5009.51,5009.68,5014.46,5000.36,5005.35,0.9441
2024-01-14,1,5005.35,5009.43,5013.21,5004.17,5009.82,0.8781
2024-01-15,-1,5009.82,5002.71,5019.68,5002.71,5011.22,0.8755
2024-01-16,-1,5011.22,5007.95,5018.24,5000.66,5010.93,0.9552
2024-01-17,-1,5010.93,5015.86,5022.37,5004.75,5017.14,0.9336
2024-01-18,1,5017.14,5009.50,5027.34,5015.36,5020.17,0.8643
2024-01-19,1,5020.17,5027.26,5024.88,5007.81,5011.73,0.9165
2024-01-20,-1,5011.73,5007.82,5049.59,5010.90,5046.46,0.9623
2024-01-21,1,5046.46,5050.04,5057.00,5040.48,5047.02,0.8713
2024-02-01,1,5047.02,5048.79,5055.04,5046.15,5051.40,0.9701
2024-02-02,1,5051.40,5050.74,5059.13,5048.86,5055.82,0.9916
2024-02-03,1,5055.82,5050.08,5061.92,5050.20,5056.13,0.9197
2024-02-04,1,5056.13,5052.75,5057.65,5044.34,5048.63,0.9181
2024-02-05,1,5048.63,5062.70,5051.59,5035.56,5040.30,0.9229
2024-02-06,1,5040.30,5039.11,5056.36,5037.60,5054.96,0.8907
2024-02-07,-1,5054.96,5053.95,5075.97,5051.14,5072.52,0.8701
2024-02-08,1,5072.52,5073.44,5074.95,5061.79,5064.92,0.9134
2024-02-09,1,5064.92,5071.67,5066.38,5053.01,5057.60,0.9485
2024-02-10,1,5057.60,5046.41,5064.63,5055.24,5062.00,0.8978
2024-02-11,1,5062.00,5066.12,5062.33,5051.84,5057.59,0.9951
2024-02-12,-1,5057.59,5054.24,5084.49,5058.33,5079.64,0.9298
2024-02-13,-1,5079.64,5080.42,5108.28,5079.00,5100.56,0.9160
2024-02-14,1,5100.56,5111.02,5109.45,5092.86,5097.86,0.8803
2024-02-15,-1,5097.86,5096.85,5110.56,5095.13,5109.11,0.9660
2024-02-16,-1,5109.11,5098.46,5136.05,5106.28,5133.31,0.8648
2024-02-17,-1,5133.31,5133.13,5142.24,5131.82,5136.37,0.8826
2024-02-18,-1,5136.37,5128.22,5138.15,5123.94,5124.36,0.8799
2024-02-19,-1,5124.36,5125.95,5129.23,5111.04,5120.14,0.9298
2024-02-20,-1,5120.14,5118.95,5133.19,5116.89,5123.70,0.8952
2024-02-21,-1,5123.70,5119.66,5146.95,5120.88,5141.80,0.8900
2024-03-01,-1,5141.80,5130.25,5159.26,5138.73,5156.17,0.9805
2024-03-02,1,5156.17,5151.41,5165.80,5151.57,5158.88,0.9392
2024-03-03,-1,5158.88,5174.42,5164.77,5146.45,5153.17,0.9145
2024-03-04,1,5153.17,5151.09,5155.06,5133.75,5136.82,0.9127
2024-03-05,-1,5136.82,5135.43,5162.65,5134.98,5151.30,0.9022
2024-03-06,1,5151.30,5155.29,5158.71,5149.64,5154.03,0.9087
2024-03-07,1,5154.03,5159.93,5159.87,5151.33,5152.74,0.9267
2024-03-08,1,5152.74,5157.31,5166.43,5151.91,5160.87,0.9608
2024-03-09,-1,5160.87,5161.34,5167.94,5155.22,5161.97,0.9326
2024-03-10,1,5161.97,5159.71,5173.18,5160.47,5165.23,0.9065
2024-03-11,1,5165.23,5161.39,5174.42,5164.72,5170.07,0.9105
2024-03-12,-1,5170.07,5166.48,5192.76,5167.08,5185.54,0.9072
2024-03-13,1,5185.54,5177.88,5203.42,5182.10,5192.46,0.9507
2024-03-14,-1,5192.46,5189.57,5201.61,5188.38,5195.81,0.9129
2024-03-15,1,5195.81,5202.67,5213.47,5194.82,5208.05,0.9888
2024-03-16,1,5208.05,5205.07,5220.34,5208.90,5218.30,0.9036
2024-03-17,-1,5218.30,5212.18,5218.56,5203.92,5209.93,0.9411
2024-03-18,-1,5209.93,5206.23,5235.71,5202.34,5228.39,0.8604
2024-03-19,-1,5228.39,5232.88,5237.90,5220.12,5231.59,0.9464
2024-03-20,-1,5231.59,5245.25,5236.09,5195.95,5203.26,0.9458
2024-03-21,-1,5203.26,5197.57,5207.89,5193.66,5198.29,0.8607
2024-04-01,1,5198.29,5201.54,5209.76,5197.45,5205.62,0.9943
2024-04-02,-1,5205.62,5205.55,5240.40,5196.89,5236.08,0.8873
2024-04-03,-1,5236.08,5245.43,5242.94,5214.25,5216.46,0.8733
2024-04-04,1,5216.46,5210.82,5225.40,5210.73,5222.70,0.9072
2024-04-05,1,5222.70,5226.18,5225.24,5215.70,5219.91,0.8873
2024-04-06,-1,5219.91,5218.67,5223.15,5201.94,5205.83,0.8910
2024-04-07,1,5205.83,5214.30,5212.75,5199.40,5208.43,0.9406
2024-04-08,-1,5208.43,5217.90,5220.48,5206.96,5215.66,0.8688
2024-04-09,-1,5215.66,5221.52,5215.09,5200.15,5201.90,0.9416
2024-04-10,-1,5201.90,5213.31,5229.65,5202.49,5228.64,0.9870
2024-04-11,1,5228.64,5221.48,5227.99,5209.59,5213.33,0.8719
2024-04-12,1,5213.33,5207.12,5218.79,5208.31,5212.83,0.9253
2024-04-13,1,5212.83,5218.74,5218.66,5208.36,5215.45,0.9606
2024-04-14,1,5215.45,5199.36,5222.93,5211.51,5216.05,0.9934
2024-04-15,1,5216.05,5220.73,5217.59,5191.14,5192.48,0.9320
2024-04-16,1,5192.48,5192.72,5206.22,5191.06,5206.09,0.8903
2024-04-17,-1,5206.09,5204.95,5221.61,5197.89,5201.61,0.8621
2024-04-18,1,5201.61,5204.78,5206.35,5197.59,5201.99,0.9308
2024-04-19,-1,5201.99,5204.76,5203.76,5192.05,5197.49,0.9992
2024-04-20,-1,5197.49,5193.90,5200.46,5171.81,5172.55,0.9431
2024-04-21,1,5172.55,5172.33,5174.78,5161.20,5166.96,0.9344
2024-05-01,1,5166.96,5174.21,5172.12,5160.43,5164.59,0.9574
2024-05-02,-1,5164.59,5162.68,5184.53,5160.98,5181.35,0.9375
2024-05-03,-1,5181.35,5177.64,5184.79,5173.36,5179.72,0.9478
2024-05-04,1,5179.72,5175.15,5185.34,5174.22,5175.52,0.9387
2024-05-05,1,5175.52,5176.26,5183.31,5169.90,5178.22,0.9974
2024-05-06,1,5178.22,5187.07,5201.69,5177.35,5196.70,0.9324
2024-05-07,1,5196.70,5196.65,5202.55,5191.60,5195.26,0.8823
2024-05-08,-1,5195.26,5205.05,5225.87,5194.35,5218.77,0.9502
2024-05-09,1,5218.77,5222.21,5220.36,5206.10,5211.76,0.8952
2024-05-10,-1,5211.76,5206.67,5264.10,5210.73,5255.90,0.8762
2024-05-11,1,5255.90,5257.32,5261.30,5249.59,5251.39,0.9522
2024-05-12,1,5251.39,5252.14,5255.23,5240.81,5243.30,0.9341
2024-05-13,1,5243.30,5238.10,5243.95,5226.79,5232.14,0.8679
2024-05-14,1,5232.14,5234.64,5231.45,5209.31,5211.92,0.8782
2024-05-15,1,5211.92,5210.92,5214.89,5198.41,5201.08,0.9834
2024-05-16,-1,5201.08,5201.23,5205.02,5190.72,5196.16,0.8846
2024-05-17,1,5196.16,5191.94,5197.00,5187.05,5189.50,0.9098
2024-05-18,1,5189.50,5191.15,5203.27,5187.93,5200.89,0.9710
2024-05-19,1,5200.89,5205.72,5211.49,5199.33,5202.26,0.9969
2024-05-20,-1,5202.26,5189.29,5214.27,5189.50,5201.03,0.9151
2024-05-21,1,5201.03,5197.66,5207.01,5189.19,5200.02,0.8873
2024-06-01,-1,5200.02,5200.24,5215.67,5196.47,5210.49,0.9940
2024-06-02,1,5210.49,5203.80,5220.77,5205.40,5216.39,0.8975
2024-06-03,-1,5216.39,5206.53,5239.64,5216.28,5236.91,0.9230
2024-06-04,1,5236.91,5243.02,5245.68,5231.67,5233.87,0.9996
2024-06-05,-1,5233.87,5234.17,5243.71,5225.73,5241.41,0.9433
2024-06-06,1,5241.41,5230.91,5254.44,5235.45,5249.78,0.9204
2024-06-07,1,5249.78,5248.36,5249.26,5240.42,5246.40,0.8830
2024-06-08,-1,5246.40,5248.07,5257.84,5240.40,5254.81,0.8837
2024-06-09,1,5254.81,5257.71,5263.22,5248.10,5252.15,0.9251
2024-06-10,1,5252.15,5260.17,5256.34,5247.97,5248.59,0.9742
2024-06-11,1,5248.59,5244.09,5258.11,5247.82,5256.62,0.8693
2024-06-12,1,5256.62,5257.12,5261.24,5250.40,5254.02,0.9171
2024-06-13,-1,5254.02,5256.52,5266.11,5240.58,5256.63,0.9709
2024-06-14,-1,5256.63,5259.33,5259.55,5233.55,5245.14,0.9199
2024-06-15,-1,5245.14,5240.00,5285.21,5245.78,5277.53,0.8958
2024-06-16,1,5277.53,5280.68,5282.88,5267.22,5267.86,0.9805
2024-06-17,-1,5267.86,5263.72,5273.31,5261.94,5264.92,0.9274
2024-06-18,1,5264.92,5266.52,5265.06,5242.97,5249.53,0.9530
2024-06-19,1,5249.53,5245.78,5264.39,5248.36,5260.07,0.8995
2024-06-20,1,5260.07,5263.00,5284.78,5259.26,5278.05,0.8765
2024-06-21,1,5278.05,5282.94,5289.37,5275.55,5282.75,0.8797
2024-07-01,1,5282.75,5289.96,5305.12,5279.47,5300.44,0.8886
2024-07-02,-1,5300.44,5304.32,5310.47,5297.63,5303.81,0.9026
2024-07-03,-1,5303.81,5306.31,5308.52,5288.77,5299.18,0.9077
2024-07-04,1,5299.18,5296.91,5299.75,5292.60,5295.49,0.9048
2024-07-05,-1,5295.49,5292.34,5298.39,5278.18,5281.06,0.8944
2024-07-06,1,5281.06,5288.05,5286.55,5273.72,5284.19,0.8671
2024-07-07,-1,5284.19,5280.28,5289.80,5277.07,5281.85,0.8832
2024-07-08,1,5281.85,5277.03,5295.97,5280.46,5282.55,0.9437
2024-07-09,-1,5282.55,5286.09,5281.12,5254.03,5256.24,0.9098
2024-07-10,1,5256.24,5264.21,5271.57,5254.51,5267.45,0.8984
2024-07-11,1,5267.45,5265.07,5270.86,5254.89,5263.56,0.8851
2024-07-12,1,5263.56,5270.21,5268.60,5259.14,5267.40,0.9134
2024-07-13,-1,5267.40,5265.80,5275.89,5263.55,5273.15,0.9482
2024-07-14,1,5273.15,5281.84,5273.08,5260.33,5263.20,0.9435
2024-07-15,1,5263.20,5263.36,5264.20,5254.21,5258.46,0.8799
2024-07-16,1,5258.46,5267.21,5260.55,5250.76,5254.08,0.9407
2024-07-17,1,5254.08,5250.63,5256.48,5248.00,5256.04,0.8942
2024-07-18,1,5256.04,5255.05,5271.71,5256.41,5265.31,0.9284
2024-07-19,-1,5265.31,5261.13,5300.27,5264.45,5296.07,0.9076
2024-07-20,-1,5296.07,5291.91,5300.98,5286.04,5293.22,0.9949
2024-07-21,-1,5293.22,5290.94,5308.26,5289.42,5301.49,0.9512
2024-08-01,1,5301.49,5307.11,5309.22,5297.65,5304.92,0.9216
2024-08-02,1,5304.92,5323.01,5330.87,5304.10,5329.07,0.9689
2024-08-03,-1,5329.07,5322.23,5338.33,5322.02,5333.38,0.9834
2024-08-04,1,5333.38,5332.16,5351.04,5332.24,5345.50,0.9720
2024-08-05,1,5345.50,5355.38,5354.21,5344.67,5350.55,0.9222
2024-08-06,1,5350.55,5351.99,5358.95,5345.17,5349.96,0.8856
2024-08-07,1,5349.96,5356.97,5362.04,5348.69,5359.59,0.9297
2024-08-08,-1,5359.59,5371.61,5368.25,5346.48,5352.76,0.8936
2024-08-09,1,5352.76,5353.14,5361.46,5348.84,5358.97,0.9728
2024-08-10,1,5358.97,5364.96,5372.81,5353.78,5362.10,0.9934
2024-08-11,-1,5362.10,5353.65,5365.33,5349.24,5362.41,0.8736
2024-08-12,1,5362.41,5357.88,5372.01,5357.04,5358.15,0.9879
2024-08-13,-1,5358.15,5364.86,5368.90,5350.76,5366.52,0.9316
2024-08-14,-1,5366.52,5360.29,5381.29,5359.48,5365.32,0.8789
2024-08-15,-1,5365.32,5357.84,5364.88,5343.89,5356.90,0.9248
2024-08-16,1,5356.90,5354.71,5367.82,5355.52,5363.64,0.9774
2024-08-17,1,5363.64,5379.46,5368.33,5350.08,5355.31,0.9093
2024-08-18,-1,5355.31,5362.06,5356.02,5334.53,5336.07,0.9116
2024-08-19,1,5336.07,5338.48,5336.56,5316.94,5320.89,0.9701
2024-08-20,-1,5320.89,5329.04,5327.48,5297.92,5297.92,0.9016
2024-08-21,1,5297.92,5308.00,5303.49,5293.66,5296.51,0.9855
2024-09-01,-1,5296.51,5302.21,5301.11,5273.46,5274.33,0.9468
2024-09-02,-1,5274.33,5275.49,5290.58,5273.67,5287.11,0.9828
2024-09-03,1,5287.11,5286.93,5293.08,5276.32,5289.53,0.9218
2024-09-04,1,5289.53,5293.41,5302.51,5287.50,5300.06,0.9730
2024-09-05,1,5300.06,5303.29,5303.18,5297.36,5300.85,0.9438
2024-09-06,-1,5300.85,5290.88,5324.81,5297.09,5320.63,0.8697
2024-09-07,-1,5320.63,5315.26,5323.65,5307.33,5314.02,0.9447
2024-09-08,1,5314.02,5317.32,5313.55,5300.30,5309.85,0.8757
2024-09-09,1,5309.85,5313.44,5326.35,5307.95,5322.64,0.9475
2024-09-10,1,5322.64,5323.76,5328.00,5313.67,5315.77,0.9990
2024-09-11,-1,5315.77,5314.31,5323.87,5311.10,5320.03,0.8851
2024-09-12,1,5320.03,5334.01,5321.52,5310.03,5313.77,0.9635
2024-09-13,1,5313.77,5317.83,5314.28,5297.35,5305.74,0.8896
2024-09-14,-1,5305.74,5312.43,5316.95,5283.47,5296.72,0.9715
2024-09-15,1,5296.72,5289.84,5297.58,5285.37,5291.56,0.9475
2024-09-16,1,5291.56,5290.98,5295.69,5283.16,5288.69,0.9350
2024-09-17,-1,5288.69,5287.39,5299.69,5284.25,5286.78,0.9496
2024-09-18,-1,5286.78,5286.67,5302.36,5285.91,5296.33,0.9270
2024-09-19,1,5296.33,5299.29,5300.90,5286.45,5293.64,0.9192
2024-09-20,1,5293.64,5298.10,5307.78,5293.79,5302.35,0.9148
2024-09-21,1,5302.35,5305.70,5313.86,5300.81,5307.18,0.9254
2024-10-01,1,5307.18,5324.40,5316.04,5304.68,5314.51,0.9666
2024-10-02,1,5314.51,5310.93,5317.24,5297.02,5303.90,0.8967
2024-10-03,-1,5303.90,5316.81,5304.12,5282.25,5288.41,0.9288
2024-10-04,-1,5288.41,5286.88,5305.11,5287.56,5293.71,0.8920
2024-10-05,-1,5293.71,5290.97,5297.34,5279.89,5291.53,0.8706
2024-10-06,-1,5291.53,5294.06,5294.36,5261.56,5270.59,0.9768
2024-10-07,1,5270.59,5270.86,5271.33,5255.91,5259.58,0.9520
2024-10-08,-1,5259.58,5268.77,5268.47,5253.52,5261.51,0.9727
2024-10-09,-1,5261.51,5257.15,5279.89,5254.83,5268.11,0.8769
2024-10-10,-1,5268.11,5255.16,5277.61,5258.31,5263.62,0.9592
2024-10-11,-1,5263.62,5261.09,5264.75,5246.74,5258.63,0.8717
2024-10-12,-1,5258.63,5267.96,5264.05,5242.94,5260.63,0.9397
2024-10-13,1,5260.63,5257.57,5272.31,5260.12,5261.06,0.9822
2024-10-14,1,5261.06,5257.97,5262.55,5252.97,5256.74,0.8828
2024-10-15,1,5256.74,5246.67,5270.92,5256.59,5266.61,0.8650
2024-10-16,-1,5266.61,5259.37,5295.98,5266.83,5287.75,0.9643
2024-10-17,-1,5287.75,5282.05,5309.81,5283.59,5301.37,0.9104
2024-10-18,-1,5301.37,5298.01,5309.90,5295.06,5304.06,0.9732
2024-10-19,1,5304.06,5288.99,5310.69,5300.53,5306.74,0.8742
2024-10-20,-1,5306.74,5305.89,5312.91,5302.52,5311.53,0.8803
2024-10-21,-1,5311.53,5313.21,5319.83,5294.32,5298.59,0.9718
2024-11-01,1,5298.59,5298.04,5311.55,5291.85,5308.73,0.9376
2024-11-02,-1,5308.73,5297.35,5316.72,5303.35,5315.01,0.9887
2024-11-03,-1,5315.01,5315.15,5317.04,5288.97,5300.29,0.9295
2024-11-04,1,5300.29,5302.75,5309.15,5295.16,5306.19,0.9406
2024-11-05,-1,5306.19,5311.36,5323.29,5299.83,5318.84,0.9625
2024-11-06,1,5318.84,5314.44,5332.97,5317.31,5331.06,0.9381
2024-11-07,-1,5331.06,5333.50,5332.02,5317.78,5321.29,0.9517
2024-11-08,1,5321.29,5313.93,5332.18,5318.34,5327.13,0.9827
2024-11-09,1,5327.13,5333.92,5330.45,5315.59,5323.68,0.9857
2024-11-10,-1,5323.68,5321.38,5331.90,5315.10,5327.62,0.9896
2024-11-11,1,5327.62,5335.88,5346.78,5327.00,5338.97,0.9712
2024-11-12,1,5338.97,5334.27,5356.20,5332.51,5347.90,0.9477
2024-11-13,1,5347.90,5339.96,5358.28,5347.87,5352.55,0.8810
2024-11-14,1,5352.55,5361.09,5353.08,5334.13,5349.22,0.9231
2024-11-15,1,5349.22,5344.71,5363.42,5347.94,5361.14,0.8825
2024-11-16,1,5361.14,5364.92,5368.64,5355.24,5362.60,0.9109
2024-11-17,1,5362.60,5371.24,5365.92,5349.17,5351.61,0.9689
2024-11-18,1,5351.61,5353.05,5364.28,5346.42,5363.71,0.9911
2024-11-19,-1,5363.71,5368.65,5365.51,5332.00,5337.45,0.9638
2024-11-20,1,5337.45,5330.69,5355.29,5335.12,5352.62,0.9182
2024-11-21,-1,5352.62,5348.05,5360.33,5345.19,5346.28,0.9019
2024-12-01,1,5346.28,5345.23,5356.02,5343.80,5352.65,0.8991
2024-12-02,1,5352.65,5347.31,5361.41,5349.55,5353.40,0.9499
2024-12-03,1,5353.40,5350.06,5358.59,5349.44,5356.96,0.8806
2024-12-04,1,5356.96,5354.45,5364.93,5355.59,5360.52,0.9000
2024-12-05,-1,5360.52,5354.86,5386.48,5360.14,5382.96,0.8820
2024-12-06,1,5382.96,5380.57,5404.55,5382.03,5392.35,0.9325
2024-12-07,-1,5392.35,5387.43,5403.12,5388.68,5400.12,0.9330
2024-12-08,1,5400.12,5407.92,5404.24,5395.94,5400.84,0.9655
2024-12-09,-1,5400.84,5392.45,5426.44,5401.26,5415.25,0.9737
2024-12-10,1,5415.25,5405.44,5434.02,5415.09,5419.63,0.9694
2024-12-11,1,5419.63,5415.05,5426.65,5415.42,5416.02,0.9615
2024-12-12,-1,5416.02,5415.03,5417.41,5399.89,5404.13,0.9161
2024-12-13,1,5404.13,5407.58,5406.87,5391.94,5397.99,0.9722
2024-12-14,-1,5397.99,5404.18,5408.92,5391.49,5403.84,0.9858
2024-12-15,1,5403.84,5403.93,5413.21,5401.89,5407.74,0.8649
2024-12-16,-1,5407.74,5403.99,5434.86,5407.55,5426.28,0.9847
2024-12-17,-1,5426.28,5423.91,5437.90,5414.89,5417.55,0.9728
2024-12-18,1,5417.55,5425.14,5429.74,5414.22,5425.05,0.9909
2024-12-19,-1,5425.05,5416.96,5456.22,5423.34,5452.94,0.9014
2024-12-20,-1,5452.94,5458.03,5453.74,5434.29,5443.44,0.9072
2024-12-21,-1,5443.44,5433.83,5451.22,5431.82,5445.10,0.8915
2024-13-01,1,5445.10,5437.44,5448.25,5431.96,5433.56,0.8943
2024-13-02,1,5433.56,5437.05,5444.61,5426.25,5439.61,0.9640
2024-13-03,1,5439.61,5438.85,5444.22,5424.50,5430.37,0.9131
2024-13-04,-1,5430.37,5424.81,5440.00,5423.53,5429.68,0.9783
2024-13-05,-1,5429.68,5426.39,5434.79,5419.24,5425.26,0.8780
2024-13-06,-1,5425.26,5425.55,5428.81,5410.20,5414.93,0.9217
2024-13-07,1,5414.93,5402.44,5422.89,5413.86,5414.82,0.8724
2024-13-08,1,5414.82,5413.79,5426.92,5414.10,5422.48,0.9871
2024-13-09,-1,5422.48,5419.96,5443.95,5419.65,5435.50,0.8892
2024-13-10,-1,5435.50,5434.83,5463.01,5432.46,5456.53,0.9510
2024-13-11,1,5456.53,5458.20,5457.05,5440.09,5445.96,0.9576
2024-13-12,1,5445.96,5440.01,5446.72,5433.25,5438.27,0.9736
2024-13-13,1,5438.27,5447.58,5445.45,5433.01,5434.12,0.9439
2024-13-14,-1,5434.12,5440.77,5436.05,5418.23,5424.61,0.8904
2024-13-15,1,5424.61,5428.14,5426.60,5411.97,5418.38,0.8805
2024-13-16,-1,5418.38,5424.64,5423.91,5403.37,5411.77,0.9178
2024-13-17,-1,5411.77,5420.97,5411.44,5387.49,5389.34,0.9969
2024-13-18,1,5389.34,5387.89,5396.02,5387.57,5391.31,0.9079
2024-13-19,-1,5391.31,5390.72,5397.96,5385.05,5389.24,0.9838
2024-13-20,1,5389.24,5387.27,5396.95,5387.80,5391.32,0.9054
2024-13-21,-1,5391.32,5384.15,5396.02,5377.56,5386.94,0.9199
2024-14-01,-1,5386.94,5389.86,5396.44,5375.98,5393.84,0.9834
2024-14-02,-1,5393.84,5385.14,5417.45,5394.30,5413.79,0.9080
2024-14-03,1,5413.79,5408.33,5424.35,5407.19,5422.51,0.8716
2024-14-04,1,5422.51,5413.84,5426.68,5413.96,5415.74,0.9910
2024-14-05,1,5415.74,5417.72,5416.41,5405.76,5408.16,0.9611
2024-14-06,1,5408.16,5410.47,5415.06,5405.94,5410.32,0.8894
2024-14-07,1,5410.32,5415.71,5422.32,5408.75,5416.46,0.9249
2024-14-08,1,5416.46,5420.82,5423.70,5410.53,5420.76,0.8997
2024-14-09,-1,5420.76,5416.50,5421.02,5410.69,5417.58,0.9193
2024-14-10,1,5417.58,5408.94,5418.95,5409.84,5414.92,0.9198
2024-14-11,-1,5414.92,5414.99,5418.16,5391.82,5395.13,0.9696
2024-14-12,1,5395.13,5392.69,5395.17,5376.82,5378.32,0.9476
2024-14-13,1,5378.32,5374.57,5385.27,5364.52,5368.18,0.9114
2024-14-14,1,5368.18,5371.46,5370.01,5357.80,5364.33,0.9332
2024-14-15,-1,5364.33,5362.35,5387.17,5359.45,5386.57,0.9333
2024-14-16,1,5386.57,5388.34,5390.57,5380.00,5386.80,0.8646
2024-14-17,-1,5386.80,5385.06,5401.02,5383.60,5397.93,0.8664
2024-14-18,-1,5397.93,5401.75,5406.51,5392.18,5403.74,0.9915
2024-14-19,1,5403.74,5413.63,5407.57,5394.87,5397.96,0.9280
2024-14-20,1,5397.96,5407.66,5408.49,5391.71,5400.77,0.9471
2024-14-21,-1,5400.77,5387.72,5402.53,5384.69,5387.89,0.9304
2024-15-01,-1,5387.89,5381.91,5399.00,5376.56,5396.27,0.9102
2024-15-02,1,5396.27,5394.85,5403.15,5390.85,5394.47,0.9065
2024-15-03,1,5394.47,5390.38,5394.83,5384.83,5387.71,0.9857
2024-15-04,1,5387.71,5381.23,5401.19,5386.75,5393.12,0.8840
2024-15-05,-1,5393.12,5392.65,5397.98,5386.15,5388.33,0.9092
2024-15-06,1,5388.33,5393.35,5400.96,5388.48,5392.38,0.9339
2024-15-07,-1,5392.38,5400.17,5403.35,5389.72,5399.29,0.8746
2024-15-08,-1,5399.29,5399.35,5404.35,5384.10,5392.55,0.8736
2024-15-09,1,5392.55,5383.64,5421.68,5391.55,5418.64,0.9473
2024-15-10,-1,5418.64,5416.32,5454.16,5417.89,5444.65,0.9730
2024-15-11,-1,5444.65,5445.69,5452.96,5435.34,5440.11,0.9725
2024-15-12,-1,5440.11,5448.48,5461.89,5439.79,5455.74,0.9681
2024-15-13,1,5455.74,5451.56,5461.17,5451.02,5457.66,0.8889
2024-15-14,-1,5457.66,5460.93,5472.45,5450.12,5455.50,0.8665
2024-15-15,-1,5455.50,5454.44,5491.25,5454.15,5477.85,0.9273
2024-15-16,1,5477.85,5479.06,5489.74,5472.15,5483.42,0.9733
2024-15-17,1,5483.42,5491.25,5501.94,5482.51,5498.68,0.9554
2024-15-18,1,5498.68,5499.11,5502.72,5490.28,5498.76,0.8644
2024-15-19,1,5498.76,5499.62,5508.48,5496.07,5497.10,0.8962
2024-15-20,-1,5497.10,5503.00,5498.76,5480.09,5484.00,0.9127
2024-15-21,1,5484.00,5479.45,5483.82,5469.59,5474.78,0.9532
2024-16-01,-1,5474.78,5471.71,5501.53,5475.03,5495.58,0.8847
2024-16-02,1,5495.58,5493.63,5503.52,5490.55,5493.61,0.8949
2024-16-03,-1,5493.61,5511.46,5497.55,5482.40,5487.93,0.8793
2024-16-04,1,5487.93,5498.48,5487.76,5480.29,5485.06,0.9711
2024-16-05,-1,5485.06,5493.67,5487.12,5465.52,5471.04,0.8925
2024-16-06,-1,5471.04,5475.67,5493.04,5465.71,5481.44,0.8711
2024-16-07,1,5481.44,5476.90,5499.12,5481.47,5493.90,0.9072
2024-16-08,1,5493.90,5498.81,5497.22,5486.16,5488.37,0.9258
2024-16-09,1,5488.37,5498.12,5497.15,5482.31,5493.82,0.9984
2024-16-10,1,5493.82,5491.62,5511.75,5491.38,5505.70,1.0000
2024-16-11,1,5505.70,5512.45,5511.89,5501.98,5509.30,0.8697
2024-16-12,1,5509.30,5508.25,5509.95,5496.39,5497.71,0.9494
2024-16-13,1,5497.71,5500.24,5497.83,5484.91,5489.99,0.9255
2024-16-14,1,5489.99,5490.94,5496.64,5477.42,5481.15,0.8918
2024-16-15,1,5481.15,5481.05,5481.59,5469.20,5473.55,0.9154
2024-16-16,-1,5473.55,5481.54,5479.77,5451.94,5457.27,0.9985
2024-16-17,-1,5457.27,5462.29,5465.91,5446.97,5461.47,0.9244
2024-16-18,-1,5461.47,5466.95,5472.56,5450.63,5463.91,0.9544
2024-16-19,-1,5463.91,5462.32,5487.69,5459.58,5475.50,0.9392
2024-16-20,1,5475.50,5480.86,5480.96,5469.38,5476.45,0.9035
2024-16-21,1,5476.45,5478.75,5476.92,5467.62,5472.72,0.9695
2024-17-01,1,5472.72,5467.15,5475.15,5449.15,5453.91,0.9145
2024-17-02,1,5453.91,5454.59,5456.69,5437.28,5444.26,0.9087
2024-17-03,1,5444.26,5448.99,5447.19,5423.36,5433.51,0.8647
2024-17-04,1,5433.51,5438.74,5436.51,5420.96,5425.03,0.9047
2024-17-05,1,5425.03,5420.48,5444.59,5422.69,5442.07,0.9175
2024-17-06,-1,5442.07,5435.81,5447.53,5430.35,5435.36,0.8957
2024-17-07,1,5435.36,5428.83,5447.14,5430.85,5443.72,0.9345
2024-17-08,-1,5443.72,5443.95,5443.87,5411.39,5417.18,0.9626
2024-17-09,-1,5417.18,5418.30,5417.82,5371.01,5372.94,0.8758
2024-17-10,-1,5372.94,5378.92,5379.08,5346.08,5356.94,0.8732
2024-17-11,1,5356.94,5357.90,5362.73,5355.71,5358.37,0.9005
2024-17-12,-1,5358.37,5360.44,5362.34,5325.13,5331.27,0.9348
2024-17-13,-1,5331.27,5332.13,5336.53,5315.63,5322.64,0.8682
2024-17-14,1,5322.64,5321.92,5331.14,5318.43,5328.05,0.8661
2024-17-15,1,5328.05,5325.34,5343.90,5326.84,5340.02,0.9242
2024-17-16,1,5340.02,5328.00,5355.26,5333.77,5350.88,0.9788
2024-17-17,-1,5350.88,5341.64,5351.34,5335.26,5343.62,0.9814
2024-17-18,1,5343.62,5359.05,5354.91,5338.31,5352.66,0.8641
2024-17-19,1,5352.66,5364.76,5365.75,5351.36,5361.93,0.9431
2024-17-20,1,5361.93,5356.47,5377.99,5359.39,5375.15,0.9962
2024-17-21,-1,5375.15,5370.28,5383.72,5370.10,5376.91,0.8908
2024-18-01,-1,5376.91,5380.87,5377.20,5350.32,5363.17,0.9938
2024-18-02,-1,5363.17,5360.23,5389.81,5363.12,5382.78,0.8677
2024-18-03,-1,5382.78,5372.09,5397.26,5378.46,5388.01,0.8781
2024-18-04,1,5388.01,5403.37,5397.38,5378.92,5386.22,0.8763
2024-18-05,1,5386.22,5379.38,5386.40,5372.63,5380.09,0.9256
2024-18-06,1,5380.09,5389.04,5383.68,5375.38,5380.32,0.8817
2024-18-07,1,5380.32,5375.64,5402.75,5378.92,5400.82,0.9812
2024-18-08,-1,5400.82,5411.91,5402.04,5386.05,5396.97,0.9309
2024-18-09,-1,5396.97,5400.00,5402.32,5390.45,5391.20,0.9945
2024-18-10,1,5391.20,5394.40,5394.92,5380.79,5385.24,0.9534
2024-18-11,1,5385.24,5386.09,5388.13,5367.55,5367.72,0.9557
2024-18-12,-1,5367.72,5364.08,5375.39,5355.36,5357.39,0.9806
2024-18-13,1,5357.39,5357.18,5380.27,5357.27,5377.07,0.8966
2024-18-14,-1,5377.07,5371.92,5404.42,5377.91,5401.83,0.8637
2024-18-15,1,5401.83,5405.23,5414.94,5400.50,5411.55,0.9433
2024-18-16,-1,5411.55,5414.39,5415.87,5397.88,5400.45,0.9510
2024-18-17,1,5400.45,5410.63,5411.62,5399.70,5407.56,0.8843
2024-18-18,-1,5407.56,5405.76,5419.75,5398.87,5405.09,0.9265
2024-18-19,1,5405.09,5398.37,5405.89,5396.04,5400.22,0.9574
2024-18-20,1,5400.22,5409.38,5404.84,5389.03,5390.62,0.8886
2024-18-21,1,5390.62,5386.68,5395.10,5385.93,5392.74,0.9461
2024-19-01,-1,5392.74,5393.75,5397.87,5378.14,5379.82,0.9061
2024-19-02,1,5379.82,5371.77,5391.06,5375.54,5386.78,0.9570
2024-19-03,-1,5386.78,5390.60,5387.28,5365.71,5369.40,0.9896
2024-19-04,-1,5369.40,5382.90,5386.12,5362.70,5385.32,0.9751
2024-19-05,-1,5385.32,5385.98,5387.94,5354.76,5365.24,0.8764
2024-19-06,-1,5365.24,5363.50,5392.86,5364.49,5390.97,0.8821
2024-19-07,-1,5390.97,5400.70,5403.77,5383.71,5391.06,0.9551
2024-19-08,1,5391.06,5388.41,5393.16,5379.86,5390.07,0.9607
2024-19-09,1,5390.07,5391.76,5394.50,5384.48,5390.75,0.9182
2024-19-10,-1,5390.75,5383.83,5416.24,5387.32,5407.59,0.9908
2024-19-11,-1,5407.59,5404.61,5423.05,5400.82,5417.64,0.9289
2024-19-12,1,5417.64,5421.20,5423.07,5414.76,5418.42,0.9648
2024-19-13,-1,5418.42,5426.72,5427.19,5410.58,5422.74,0.8679
2024-19-14,-1,5422.74,5411.90,5434.87,5422.06,5426.74,0.9654
2024-19-15,-1,5426.74,5437.56,5434.60,5409.29,5410.43,0.9465
2024-19-16,-1,5410.43,5415.25,5417.05,5384.74,5391.66,0.8636
2024-19-17,1,5391.66,5389.91,5395.87,5376.56,5384.24,0.9865
2024-19-18,-1,5384.24,5379.03,5406.24,5383.78,5391.21,0.9158
2024-19-19,-1,5391.21,5383.91,5407.46,5378.89,5400.59,0.8929
2024-19-20,1,5400.59,5402.09,5404.16,5392.90,5398.42,0.9277
2024-19-21,-1,5398.42,5393.16,5398.15,5365.92,5378.58,0.8959
2024-20-01,1,5378.58,5393.51,5379.61,5364.28,5370.90,0.9235
2024-20-02,1,5370.90,5371.44,5374.91,5350.01,5352.32,0.9837
2024-20-03,1,5352.32,5340.65,5358.01,5348.99,5352.74,0.8789
2024-20-04,-1,5352.74,5356.56,5354.63,5341.07,5350.71,0.9331
2024-20-05,1,5350.71,5344.38,5356.79,5346.38,5351.29,0.9242
2024-20-06,-1,5351.29,5358.54,5356.32,5341.10,5350.31,0.9455
2024-20-07,-1,5350.31,5346.94,5361.41,5350.20,5354.95,0.9504
2024-20-08,-1,5354.95,5352.87,5358.11,5345.00,5353.55,0.9215
2024-20-09,1,5353.55,5357.66,5359.54,5348.64,5353.92,0.9370
2024-20-10,1,5353.92,5355.05,5376.24,5348.80,5370.53,0.9315
2024-20-11,1,5370.53,5369.02,5384.17,5366.92,5382.33,0.8913
2024-20-12,-1,5382.33,5366.55,5420.14,5381.15,5406.22,0.8728
2024-20-13,1,5406.22,5399.32,5413.57,5398.74,5401.10,0.9143
2024-20-14,1,5401.10,5395.35,5407.41,5394.50,5404.62,0.9019
2024-20-15,1,5404.62,5411.17,5409.60,5396.04,5397.94,0.9215
2024-20-16,1,5397.94,5405.45,5399.22,5387.36,5391.69,0.9107
2024-20-17,-1,5391.69,5384.27,5394.32,5380.23,5385.92,0.9472
2024-20-18,-1,5385.92,5381.08,5387.25,5370.76,5381.11,0.9690
2024-20-19,1,5381.11,5380.85,5393.72,5375.38,5382.95,0.8673
2024-20-20,-1,5382.95,5379.99,5390.06,5377.72,5379.03,0.8971
2024-20-21,-1,5379.03,5367.15,5391.02,5376.53,5384.73,0.9710
2024-21-01,1,5384.73,5377.35,5393.56,5379.52,5383.08,0.8628
2024-21-02,1,5383.08,5390.32,5384.25,5367.55,5374.14,0.9370
2024-21-03,-1,5374.14,5377.80,5380.20,5361.03,5372.56,0.9152
2024-21-04,-1,5372.56,5373.51,5391.50,5363.01,5374.47,0.8620
2024-21-05,1,5374.47,5382.05,5377.71,5366.32,5370.09,0.9433
2024-21-06,1,5370.09,5378.24,5375.66,5358.27,5360.91,0.9702
2024-21-07,-1,5360.91,5365.59,5385.71,5359.19,5378.84,0.9961
2024-21-08,1,5378.84,5386.30,5390.21,5378.46,5382.69,0.8716
2024-21-09,1,5382.69,5386.87,5388.91,5379.15,5379.30,0.8938
2024-21-10,1,5379.30,5382.58,5382.94,5356.06,5357.23,0.9468
2024-21-11,1,5357.23,5364.18,5366.86,5350.27,5352.47,0.9095
2024-21-12,1,5352.47,5350.85,5360.23,5350.73,5353.06,0.9835
2024-21-13,-1,5353.06,5351.45,5366.42,5351.35,5355.24,0.8793
2024-21-14,1,5355.24,5352.97,5367.10,5354.98,5358.57,0.9839
2024-21-15,-1,5358.57,5357.55,5375.59,5357.67,5372.45,0.9781
2024-21-16,1,5372.45,5376.09,5372.26,5357.04,5359.02,0.9993
2024-21-17,-1,5359.02,5348.82,5366.53,5347.59,5351.88,0.9929
2024-21-18,1,5351.88,5346.53,5352.98,5338.28,5342.57,0.9746
2024-21-19,1,5342.57,5356.85,5347.57,5337.32,5338.23,0.9357
2024-21-20,1,5338.23,5343.02,5343.46,5331.77,5337.18,0.9587
2024-21-21,1,5337.18,5338.06,5348.29,5334.34,5345.74,0.9048
2024-22-01,1,5345.74,5346.65,5346.23,5329.42,5332.99,0.8622
2024-22-02,-1,5332.99,5334.06,5345.58,5325.14,5344.74,0.9997
2024-22-03,-1,5344.74,5340.47,5354.60,5340.23,5353.18,0.8819
2024-22-04,1,5353.18,5343.69,5362.36,5350.01,5356.18,0.9608
2024-22-05,1,5356.18,5357.57,5367.30,5353.00,5357.48,0.9318
2024-22-06,-1,5357.48,5355.90,5384.29,5350.68,5380.03,0.9583
2024-22-07,-1,5380.03,5386.65,5385.40,5369.40,5377.42,0.9834
2024-22-08,-1,5377.42,5381.67,5383.28,5367.92,5377.39,0.9776
2024-22-09,1,5377.39,5389.05,5378.56,5353.53,5355.42,0.9196
2024-22-10,1,5355.42,5344.49,5354.91,5342.40,5345.15,0.9447
2024-22-11,1,5345.15,5339.89,5347.75,5331.03,5333.32,0.9121
2024-22-12,1,5333.32,5330.38,5341.35,5326.63,5338.14,0.9223
2024-22-13,-1,5338.14,5340.99,5357.15,5334.24,5356.38,0.8905
2024-22-14,1,5356.38,5355.03,5357.31,5344.69,5348.56,0.9934
2024-22-15,1,5348.56,5350.37,5351.27,5333.11,5348.32,0.9496
2024-22-16,-1,5348.32,5351.36,5354.04,5336.76,5342.40,0.8609
2024-22-17,-1,5342.40,5337.09,5351.99,5333.56,5343.67,0.9072
2024-22-18,-1,5343.67,5343.04,5357.77,5334.14,5346.71,0.9775
2024-22-19,-1,5346.71,5351.43,5367.63,5346.62,5353.76,0.8907
2024-22-20,-1,5353.76,5355.05,5355.19,5333.47,5341.74,0.8739
2024-22-21,-1,5341.74,5343.33,5345.36,5329.21,5336.84,0.9262
2024-23-01,-1,5336.84,5341.32,5349.60,5322.46,5324.20,0.8601
2024-23-02,1,5324.20,5309.62,5328.06,5312.42,5321.93,0.8781
2024-23-03,1,5321.93,5316.79,5323.98,5301.95,5307.22,0.8916
2024-23-04,-1,5307.22,5306.19,5327.94,5295.69,5320.91,0.9381
2024-23-05,-1,5320.91,5330.46,5329.05,5306.60,5323.55,0.8692
2024-23-06,1,5323.55,5320.28,5336.16,5323.34,5329.29,0.8928
2024-23-07,-1,5329.29,5332.21,5339.56,5317.10,5319.02,0.9173
2024-23-08,1,5319.02,5310.29,5323.45,5310.86,5312.44,0.9794
2024-23-09,1,5312.44,5318.47,5316.33,5307.07,5310.62,0.8875
2024-23-10,1,5310.62,5300.13,5311.31,5294.96,5295.46,0.9610
2024-23-11,-1,5295.46,5297.77,5296.38,5279.19,5282.26,0.8985
2024-23-12,1,5282.26,5285.15,5288.63,5271.22,5274.20,0.9733
2024-23-13,-1,5274.20,5275.48,5293.44,5269.50,5291.68,0.9513
2024-23-14,1,5291.68,5293.14,5296.45,5287.31,5291.15,0.9621
2024-23-15,1,5291.15,5287.77,5297.46,5287.91,5294.67,0.8747
2024-23-16,-1,5294.67,5303.49,5306.35,5286.73,5294.96,0.9720
2024-23-17,-1,5294.96,5299.46,5300.92,5284.06,5288.56,0.8636
2024-23-18,-1,5288.56,5288.64,5290.39,5267.07,5269.41,0.8838
2024-23-19,-1,5269.41,5278.23,5280.15,5261.07,5274.88,0.9002
2024-23-20,1,5274.88,5270.98,5279.37,5268.56,5275.54,0.9362
2024-23-21,-1,5275.54,5269.59,5283.38,5265.78,5274.70,0.9166
2024-24-01,1,5274.70,5287.57,5276.64,5258.98,5262.49,0.9382
2024-24-02,1,5262.49,5267.23,5270.37,5259.44,5263.99,0.9299
2024-24-03,1,5263.99,5260.76,5276.43,5262.66,5273.61,0.9874
2024-24-04,-1,5273.61,5280.61,5301.11,5273.40,5289.04,0.9529
2024-24-05,1,5289.04,5279.87,5301.83,5289.28,5298.30,0.8671
2024-24-06,-1,5298.30,5283.93,5301.89,5282.62,5287.16,0.9413
2024-24-07,1,5287.16,5283.76,5297.63,5282.91,5292.73,0.9117
2024-24-08,-1,5292.73,5296.86,5306.12,5286.50,5301.52,0.9660
2024-24-09,1,5301.52,5288.15,5307.44,5288.97,5295.19,0.9998
2024-24-10,-1,5295.19,5302.12,5309.76,5288.65,5299.96,0.9797
2024-24-11,1,5299.96,5299.03,5309.47,5294.69,5296.90,0.9355
2024-24-12,1,5296.90,5295.95,5299.71,5279.01,5283.91,0.9379
2024-24-13,1,5283.91,5287.92,5286.51,5278.57,5283.20,0.8815
2024-24-14,-1,5283.20,5287.61,5286.94,5258.73,5260.26,0.8991
2024-24-15,-1,5260.26,5256.95,5265.80,5248.42,5260.70,0.9724
2024-24-16,1,5260.70,5252.60,5263.40,5254.78,5260.56,0.9002
2024-24-17,-1,5260.56,5251.19,5275.42,5255.57,5267.63,0.9405
